display_name,num_ratings_pages,num_reviews,username
A. J. Black,36,1741,ajblack
aaron,14,923,filmgraphy
Aaron Hendrix,27,1391,aaronh
Aaron Michael,53,1745,subsahaaron
Aaron T. Rex,46,2016,thefincherking
abby.,20,444,mank
Ada Hart,1,1752,brandonh
Adam,31,594,finchet
Adriana Scarpin,151,3867,ladyspiggott
adrianbalboa,1,975,adrianbalboa
adrie,19,338,adrianam
Aeronn,1,153,aeronn
Alan,41,1329,alan1
Albie Hay,31,1725,hayal12
aleph beth null,23,547,aleph_null
Alex,100,7465,alexroy656
Alex Billington,23,1547,firstshowing
Alexei Toliopoulos,35,2722,thisisalexei
Alice Stoehr,21,332,astoehr
aliyah,16,595,sapphical
allain,9,320,ahbr
allison,8,776,kanye
Allison M. ğŸŒ± @ SXSW,290,3105,allisoncm
amaya,21,704,elementarii
Amy Andrews,21,931,amyja89
andie,18,225,advokate
AndrÃ© Hecker,41,1445,andrerseits
Andre de Nervaux,40,1504,andredenervaux
Andreas BardÃ©t,30,363,badeboom
andreağŸŒ¹,16,484,alexlawther
Andrew | A.J.,27,2103,kingofgondor
Andrew Jupin,44,1869,jupinwhm
Andrew Liverod,55,570,liveandrew
andy levy,6,451,andylevy
Andy Summers,49,4094,ddarko42
angela,18,971,willpoulter
Angeles âœ¨,29,723,mardsego
Anna Imhof ğŸŒ¸,52,867,anna_imhof
antonio,19,223,faretheewell
anya,34,692,gretgerwig
Ë—ËË‹ Liam ËŠËË—,32,2207,suspirliam
Arlo McLean,25,569,theslayerbuffy
Arthur Tuoto,56,1197,tuoto
Ash,51,2328,ashonfilm
Ash â™¥ï¸,28,1519,ashmatxx
Austin,43,1224,austin
Austin Burke,31,1566,austinburke
Austin Shermer,122,758,thesherminator
Auteur,93,4005,auteur
Ava Davis,1,1857,avadavis
Baby Bam,11,702,bubbleboy
Bad Taste,47,1415,ihavebadtaste
BadSmile,43,3,badsmile
Baz,55,3105,filmtasticmrcox
beca,45,2474,morgendorffer
beck,8,624,visionsofgideon
bel,14,999,ellefnning
Ben Empey,45,2160,benmatthewempey
ben mcdonald,24,1340,benmcdonald
Ben Nash,76,1765,bennash
Ben Scanga,1,1074,theccritic
Bethan ğŸ’€,26,1674,bethanellen
Bethany,30,900,bethanywilson
Bilbo Ballin',78,1677,bilboballin
Blain LaMotta,26,881,blainlamotta
Bob Hovey,102,2182,bobhoveyga
BRAT,32,535,bratpitt
Brendan Michaels,1,1777,brendanmichaels
Brent Vanhomwegen,34,1783,thatmoviefreak
Brett Schutt,26,1959,artpig
Brian Formo,67,1875,brianformo
Brian Tallerico,46,1865,briantt
Brianna,16,751,justbrianna
Brooks,50,1034,reviewsbybrooks
Bruno Andrade,14,1185,timeistheking
ButtNugget,68,1341,buttnugget
Cadinho93,18,1250,cadinho93
Caitlin,12,465,caityperrie
cal ğŸ¥ª,18,1214,caleb_yells
Calum Marsh,17,445,calum_marsh
Cameron Kanachki,20,1417,cameronkanachki
Carlo,1,2892,carlogoesboom
Carlos Valladares,40,1364,cvall96
Carol Grant,32,1166,cgrunyon
cassandra,26,1020,belledejour
cassie,8,620,flyawayhome
Catherine Stebbins,70,1155,cinephile24
cathy,15,330,cathyk
Chadwin,47,1537,flaska11
Cham,102,4362,champ83
Charlie Morris,55,3035,charliemorris
Chico Fireman,200,2297,chicofireman
chloe ğŸ’“,25,976,chloeac
Chris,92,1344,wampeter57
Chris Evangelista,44,1639,cevangelista413
Chris Hormann,40,1991,themyrka
Chris Stuckmann Unofficial,20,196,csunofficial
Chris ğŸ¦‘,42,2537,dirkbogarde
ChrisCarr1,11,385,chriscarr1
Christian Alec,87,6066,christianalec94
Christian Finck,55,2495,mirishikiari
ciara,11,490,riverjphoenix
CinemaClğŸƒwn,42,1753,cinemaclown
Cinemonster,80,339,cinemonster
CJ Probst,92,363,cjprobst83
claira curtis,39,1583,clairacurtis
Claire Richards,17,815,crich
claire ğŸ‘ï¸ diane,25,349,fieldmouse
clara,11,152,dirtoddhaynes
clemmie,1,291,blackphillips
Cliff,67,4604,smogo
COBRARocky,21,437,cobrarocky
Cody,58,3410,codypphoto
coffee,35,1366,coffeevirus
Cole Bradley,85,3391,cwbradley
Cole Duffy,51,1822,crduffy97
coles84,43,1948,coles84
Colin the dude,76,2493,colintroy
colin...,33,1398,colinandrews
collin,30,1324,collin_clark
Collin Taylor,27,1261,thefilmcave
comrade_yui,38,2322,comrade_yui
connor,76,1757,amateurdoubles
Connor Carey,77,2310,connorcarey
cookie,15,424,cuqui
Coolnilk,1,678,coolnilk
Cooper,26,1426,axxstin
Craig Duffy,56,3767,cduffy
Craig J. Clark,118,4673,hooded_justice
Creasy007,11,922,creasy007
Dan,33,811,ryangosling
Dan,61,3372,danboyle86
Dan Gorman,64,3278,yckmd_
daniâœ¨,13,649,finnpoe
Daniel Kibbe,34,1263,xarnis
Darren,71,2853,darrenfx
Darren Carver-Balsiger,36,2326,darrencb
Daryl,79,5070,hotdonkeybear
Daryl,17,975,scalytugboat
Dave,60,1450,paradoxdl
Dave Jackson,73,3350,phantasmes
Dave Vis,27,222,dave
David Chen,14,245,davechen
David Jenkins,46,671,daveyjenkins
David Sims,51,848,davidlsims
davidehrlich,33,2113,davidehrlich
Davis.,1,2062,realdaveimboden
Dawson,28,479,babydriverreal
Dawson Joyce,80,6553,johntyler
deah,26,154,thehandmaiden
Deckk,4,493,deckk
Diego Crespo,23,1752,diegowaffles
Diogo Serafim,75,2518,diogoserafim
Dion Wyn,1,1722,dijonwyn
Dirk Senger,62,2601,entlauber
DirkH,65,2029,dirkh
doinkdedoink,30,1401,doinkdedoink
Dom,40,2808,domxrm
Doug Dillaman,83,2616,dillamonster
Dragonknight,22,489,dragonknight
Dustin Baker,143,6283,dustin_b
Edgar Cochran,61,4371,elcochran90
eely,44,2146,eely
Eli Hayes,184,2226,elihayes
Ella Kemp,28,1123,ellakemp
ellie âœ¨,33,1000,davidfinchher
ElNapalmo,51,396,elnapalmo
Emily Housel,38,1575,eclectic_em
Emma ğŸ”†,25,674,suspiriorvm
EnteredTheVoid,47,2298,enteredthevoid
Eric Pereira,40,2508,eric_peartree
Erik Nordgren,16,747,enniomorricone
Erin,13,204,rococowinked
Esteban Gonzalez,42,1719,estebueno
Ethan Colburn,24,569,cineflek
Etienne Garde,20,103,etienneone
Evan,38,857,sonofjorel
evan,26,1445,izzio
Evan Eaton,24,686,tripeazy96
eve ğŸ,1,376,neatwad
evilbjork,83,2389,evilbjork
Ezra Cubero,32,1412,ezracubero
FakeRobHunter,76,3847,fakerobhunter
FarrierCollins,27,2269,farriercollins
feedingbrett,34,2558,feedingbrett
Filipe Furtado,314,7894,filipe_furtado
Filmspotting,46,344,filmspotting
Filmusicinemike,35,1956,filmusicinemike
Flip Trotsky,80,90,fliptrotsky
fluffiest little thembo ğŸ’ğŸ’,1,1019,fluffymoon
former movie enjoyer,31,723,childrenofmen
fran hoepfner,21,1692,franhoepfner
Frandi Peralta,29,271,mskiesha
Fred ğŸ‡µğŸ‡·,43,1373,thelastsith
Freyr,44,1680,hail_freyr
Fritz Lewis,36,868,thecomedian
gabby!,10,623,gabbwoo
gabriel guimarÃ£es?,48,1505,capitao134
Gabrielle,27,1420,thatsantiagoguy
Gaspar,1,778,hswansonfilms
Gavin Rye,91,4134,jewbo23
George Clark,26,478,gc11
georgina,23,488,colinfirths
ghostdinosaur,38,1693,ghostdinosaur
Ghostsmut,26,1688,ghostsmut
Gonzo,34,741,jvince
Graham Williamson,40,3189,gdw
Graham ğŸŒ»ğŸâ„ï¸ğŸŒ¼,1,782,notnatportman
Griffin Stenzel,17,416,griffinstenzel
Grooveman,33,1714,grooveman
Haaniyah,8,537,hanxine
Hallie ğŸ’ƒ,1,2015,halliejhalliday
Hannah,12,828,wizardchurch
Hayden Welch,35,1932,haydenwelch
Haydn,1,1650,haybatman
Henry,87,3256,realhenryb
Herb Gallow,23,667,herb_gallow
Hibiscus,70,436,hibiscus
holli,2,752,nomadland
hollie amanda,27,455,hollieamanda
Hollie Horror,1,3522,holliehorror
Holly-Beth,31,1066,jurassicstark
hotsake,206,10080,hotsake
Houston Coley,19,753,blockbustedpod
Hungkat,32,694,kun
hunter strawberry,25,206,hstrawberry
I. Simon,1,1086,moviefan999
Ian,24,412,ianjonas
Ian Fastert,18,992,armsofeternity
Ian West,154,3125,nevermore1985
iana,37,1177,ianamurray
IHE,19,107,ihe
indi,18,793,phrynefisher
ingrid,16,18,ingridwillum
InSession Film - JD Duran,30,2385,insessionfilm
Invincible Asia,78,3101,invincibleasia
isabel,15,66,isajjar
Issac,6,379,issacrodriguez
ivana ğŸ“,20,417,reysdimple
Jabba Jabba,32,1974,kpitman
Jack,62,770,juliendonkeyboi
Jack,23,1311,thejacko
jack,28,590,jackdoran
Jack Moulton Crew,59,3185,jack
Jackson,89,3817,jacdeswilliams
Jacob,38,1882,amandaayoung
Jacob,18,1241,theredline
Jacob Cunningham,34,2542,zyopy
Jacob Knight,34,2942,jacobknight
Jaime Rebanal,127,2425,jaimerebanal
Jake Cole,44,2134,jakepcole
Jamelle Bouie,23,606,jbouie
James â…“,1,283,spiderpig
James (Schaffrillas),8,461,schaffrillas
James Haves,24,1460,jimmyvon789
James Healey,43,970,jameshealey
James ğŸ‡ºğŸ‡¦,59,2775,justwannaboogie
Jared,37,1790,oliviawildehawt
Jasmine,85,622,beniciodeltoro
Jason AlleyğŸ³ï¸â€ğŸŒˆğŸ»,91,3903,jason_alley
Jason Bullok,51,24,hotelearle
Jay,13,1228,jay
Jay Cheel,41,270,jay_c
Jayce Fryman,130,1150,frymanjayce
JC13,54,5022,jc13
jeff knight,27,1166,notjeffknight
Jeff!,24,1008,fantasticmrjeff
Jeffrey Overstreet,19,1509,j_overstreet
Jenna Ipcar,40,2509,jennaipcar
Jeremy Crabb,76,2513,jeremy_crabb
Jeremy Milks,89,1368,senswinthecup
Jim Cummings,2,81,jimmycthatsme
Jim Drew,53,1570,ji_doctor
Joachim Andersson,70,2742,tentaclatron
Joan,13,503,theresebelivets
Joe,95,5072,zoltarak
Joe Lynch,23,1427,thejoelynch
john,11,854,jjbjr
John,32,2221,trey_northcutt
Jon Hillman,86,3514,jhillman
Jon M.,1,778,feuilladist
Jonathan White,41,1194,jrwhite
Jordan Horowitz,13,678,jehorowitz
Jordan Rowe,25,835,rowenet
Jordi SÃ¡nchez-Navarro,23,1384,jsancheznavarro
Josh,30,50,jbutts15
Josh Larsen,18,1593,larsenonfilm
josh lewis,50,2559,thejoshl
Josh Stewart,62,2407,brakywaki
joshhh,47,416,jmfilms123
Josiah Morgan,75,2490,josiahmorgan11
jourdain searles,64,839,riotglasses
jules,6,542,julesus
juliodogpit,13,0,juliodogpit
Julps2,17,365,julps2
Justin Decloux,84,5169,justindecloux
Justin LaLiberty,154,4293,jlalibs
justmiaslife,26,488,justmiaslife
kai,8,100,milkbbi
kailey,15,259,jah776
Kairit,32,311,gainsbourg
Kaleb,28,594,krodgers101
Kaliofthedolls,72,2723,kaliofthedolls
Kareem,25,1244,kamilleroboter
karen h.,12,579,karenhan
karsten,20,1147,kurstboy
kayla,27,1000,kaylafavia
Keegan âœŒğŸ»,20,1855,keeganeatspie
Keith Adams Jr.,40,3042,filmfreek25
Keith LaFountaine,32,2354,keithlaf
Ken Rudolph,136,2728,kenru
kennedy,9,650,kennedylizrose
Kern,61,1773,kernetcetera
Kevin Cormier,67,4983,kevincormier
Kevin Jones,51,2748,kjones77
Kevin Matthews,117,6730,kevin_matthews
kevinyang,29,645,kevinyang
Kiko Vega,32,2241,kiko
kirst,10,44,daredvi
kirstyğŸŒ™âœ¨,13,1007,kirstypotter
Kodiak,34,1478,toombstoned
Krautsalat,99,3362,krautsalat
Kurdt,66,2227,kurdt
KYK,56,1946,kristenyoonsoo
kyle dunne,1,770,kylestanstv
Kyle Zeman,20,499,kylezeman33
kynky,64,2549,kynky
la rogue,21,292,hereditary
lain,30,1307,ginnyweasley
laird,77,2442,pobrecito
Larry,29,683,pinheadlarry145
laura,1,613,lebrown
Laura Saladino,34,1653,lesaladino
lauren,24,1117,nycsubwayrat
lauren,21,1253,flynnryder
Lawrence Garcia,44,918,lgarcia
lee,40,1486,nowhere1997
Lencho of the Apes,135,8195,lencho_o_t_apes
LeSchroeck,74,364,leschroeck
Leticia Fernandes,18,604,jennyslate
Liam Hathaway,59,2466,liamviii
Lise,42,794,lise
Liz,41,2714,schlockvalue
Liza,27,241,bittercherry
Lizzy,57,1810,punchdrunklizzy
LME,57,375,letmeexplain
Lochlan Ashton,22,783,crackfox45
Logan,1,586,brucewayn
Logan Kenny,92,1318,arkhamoutlaw10
London,45,2479,londono
louferrigno,35,1211,louferrigno
Louise Weard â™ƒ,1,361,hentaicop
loureviews,319,5817,loureviews
Luca,15,294,luca2020
Lucy,32,1650,deathproof
lucy,30,1631,lucyskeet
Luke Pauli,61,2061,cosmobrown
Lyd,21,1351,buffedfilmbuff
Lyzette,58,589,filmslikedreams
M Kitchell,1,2116,murdermystery
M.K. R.,1,964,ridleysthot
maddie,19,369,mxddie_b
maddie,1,441,madrose6
Madison ğŸ­,45,1937,madihatesfilm
Marcissus,64,788,marcissus
maria,24,491,tarantulini
Marian,16,581,reygf
Marianna Neal,30,1290,impressionblend
Mark Cunliffe ğŸ‡µğŸ‡¸,150,6498,man_out_of_time
Mark Mooney,35,2394,markmooney
Mark Tinta,42,3479,marktinta73
Markella,38,1336,markella
MarMar,17,891,mardarrius
Marna Larsen,40,1503,marna
Mary Conti,50,1225,cinebro
maryğŸ¦‹,36,766,mariamicia13
maskull,93,2766,maskull
Matt Curione,47,4094,therealmattc
matt lynch,73,5278,colonelmortimer
Matt Singer,52,1915,superpulse
Matt Thomas,187,13521,matt_thomas10
Matthew Christman,27,1098,worsethan
Matthew Saponar,30,1704,mattybsaps
Max(ine) the Movie Person,1,810,maxthemoviegirl
Maxwell Alexander,52,2569,moviemaxwell
megan,80,2970,sharktale
Megan,28,2156,comedyhipster
mememily,24,859,emforce
mia,16,494,mi_m0
Michael,34,1932,maudettehornsby
Michael Sicinski,120,1349,msicism
Michael Stuhlman,119,2851,mikestuhlman
Michael's Cinema Paradiso,44,1150,mcp_daskino
michelle,18,725,michellenia
Mike D'Angelo,124,3732,gemko
Mike Ginn,34,356,shutupmikeginn
Mike Sean,67,31,monocle
Mike Thorn,61,402,waltz3
Mike Torchic,1,1374,ultamatefanboy1
Mikey Brzezinski,105,1654,mikeyb98
Milez Das (Rohit Shivdas),38,1513,milez
Milo,35,2508,milo123
Milo Paulus,45,1270,musicbymilo
minick,16,843,minick
mook,58,2850,mook
Morgan,66,3112,marooncrimson
Movie Maestro,109,255,moviemaestro
Mr. DuLac,86,5772,mr_dulac
Mr. M,183,4455,gubarenko
MrJago,62,2338,mrjago
mulaney,16,608,mulaney
MundoF,98,138,mundof
muriel,32,857,murielcampos
my 7 year old niece,2,76,frozen2013
nabeel,1,284,mnabeel
nad ğŸ”ª,40,2557,naewatches
nadia,14,978,filmsbi
nadine smith,53,1284,lifewithnopants
Nakul,43,960,itsnacool
nanci,10,677,nancilwt
nathan,45,3268,perksofbeingnat
Nathan Rabin,18,1003,nathanrabin
Neil Bahadur,35,1175,neilbahadur
niceguys,19,591,niceguys
Nicholas Faron,1,1399,buttcrack313
nick,34,1673,nickmcc2
nick,28,509,nickdenbow
nick wibert,10,577,nickwibert
NickyD316,36,1067,nickyd
Nicole Kubrick ğŸ³ï¸â€ğŸŒˆğŸ³ï¸â€âš§ï¸,20,949,gwenlikesfilm
No-Personality,41,2309,nopersonality
nora,46,2871,jakeperalta
Nuno Costa,93,4335,nuno09
Ole Holgersen,50,1185,tarantinole
Olevar,61,2435,olevar
olivia,22,981,voicelikehoney
olivia,11,1072,teamedward
Oneepiexe,26,1529,oneepiexe
Onno,38,1466,onno
oppie,17,484,agastak
Oscar Lau,100,2516,oscarkit316
Owen,39,1536,uncutgems
Owen,66,2097,owene73
Parker,63,4513,ultimateparker
Patrick Lohmeier,81,2527,lohmi
Patrick Pryor,49,2230,patrickpryor
PatrickRipoll,1,3109,patrickripoll
Patty Romp,18,511,pattyromp
Paul (Douglas Reese),153,622,reesepd
Paul D,68,4697,oh_dae_su
pd187,43,1863,pd187
Peaceful Stoner,5,329,peacefulstoner
Penis Paolo Pasolini,27,431,edoardocan
Per Axel Hagne,29,171,axelhagne
persia ğŸ’,24,373,hauteprincesses
Pete Talbot,33,2971,pstalbot
Peter Labuza,50,1185,labuzamovies
Peter Rogers,25,1024,rexrobben
Peter Stanley,52,141,peterstanley
Philbert Dy,9,585,faithlessphil
phoebe ğŸ’«,19,1424,phoebejl
pileofcrowns,56,425,pileofcrowns
pilot,17,294,pilot
poppy,19,857,sofiaboutellas
PTAbro,23,302,ptabro
Puffin,52,1180,obligatory
PUNQ,421,14642,punq
Quinn Bailey,32,1639,qjtbailey
Quintin ğŸ“½ Philipson,1,522,king_q
rachel remeny,20,1232,rachel_remeny
Rahat Ahmed,65,262,lifeasfiction
reibureibu,22,1854,reibureibu
Rembrandt Q Pumpernickel,47,1774,anhonestmess
Rich Strahs,64,1946,rstrahs
Richard,199,393,frankenlotter
Rick D,46,3508,rickd
rico mcpato,42,1381,ricomcpato
Riley,52,1993,riley_danson
robert,12,297,robertdavid
Robert Beksinski,63,1421,bbeksinski
Robin,1,2992,adashelby
Robin SolsjÃ¶ HÃ¶glund,54,3013,rsolsjo
roby,15,667,iamthatroby
robyn,1,2416,ucrazyutaraptor
Rod Sedgwick,57,1288,rodstar
Roman Kirby,40,1339,romankirby
Ronan Doyle,66,2855,baronronan
Rose,39,332,clowchan
rotch,37,2058,rotch
Rti03,43,2364,rti03
rudi âœ¨,17,577,rudimh
russman,129,7025,russman
Ruth Scouller,71,2432,ruth
ryan,88,816,ingmar
Ryan Daniel,25,1426,rdaniel55
Ryley Mann,25,858,rybrentmannftw
Sally Jane Black,77,3905,fuchsiadyke
sam,24,604,balanders
Sam Meltzer,21,918,sammeltzer
Sam Noland,40,2052,sjnoland
Sam Van Hallgren,25,731,samvanhallgren
samantha,15,319,annakendrick
SamiğŸŒ¦,11,322,samimcknnn
san,16,513,dahans
Sara Clements,39,1841,mildredsfierce
Sarah,56,2334,dselwyns
Sarah Jane ğŸ”ª,81,690,fookthis
SarahğŸ‰,14,464,superdarktimes
"SCHIZO BAILEY, FBI (enclave arc) ğŸ¦…",21,373,lordbaelish643
scoobert doo (aka mo),18,502,jamesbong
Scott Anderson,39,944,shanderson88
Scott D'Agostino,159,2978,immortan_scott
Scott Renshaw,45,2674,scottrenshaw
Scott Tobias,18,547,scotttobias
ScreeningNotes,41,2521,screeningnotes
Scumbalina,81,1341,scumbalina
Sean,33,416,thorsky
Sean Fennessey,19,302,seanfennessey
Sean Gilman,58,2834,theendofcinema
Shawn Stubbs,50,2845,shawn_stubbs
shay,28,630,willhunting
Siegelâ„¢,34,1992,siegel
Sigfred Storstrand,50,933,ziggystorstrand
Silent J,43,2533,silentjoe13
SilentDawn,64,2476,silentdawn
Simon Ramshaw,1,2668,drivefiction19
Simone,45,608,symonymm
sindhu,31,1246,bartonfinked
single white femalien,97,2017,theblogosfear
siobhan,17,877,highlife
Slappy McGee,131,4267,scrumblebunny
Slig001,24,1506,slig001
sofiâœ¨,19,1479,aboutlalalala
sofyan,30,400,itssofyann
sophie,27,789,sopheyquinn
sprizzle,43,1130,sprizzle
sree,1,1328,iaiaiand
st. 10,17,649,tenzinsia
Stacey Bates,20,1359,staceyb
Steph_h,41,2036,steph_h
stephanie âœ¨,16,871,rosamundpike
Steve G ğŸ‡µğŸ‡¸ ğŸ‡¾ğŸ‡ª,98,7121,settingsun
Steven Millan,120,9547,stevenmillan
Steven Sheehan,51,1856,kano
stevie,52,573,vontrapp
SuspirianKnight,52,2141,suspirianknight
Syaoran,14,391,syaoran
sydney,59,2067,campbart
Tao A,30,1346,taoa
tara,11,492,julietburke
tarrdigrade,27,760,stautis
Tarryn-tino,62,3299,taz
Tasha Robinson,19,628,tasharobinson
Taylor Williams,17,625,taylorfilmguy
Tentin Quarantino â˜­,49,1711,followtheblind
Tess,28,767,gilliananderson
The Media Diorama,35,2596,themediadiorama
The Ron,45,3375,yorel1976
the_narrator,31,1637,the_narrator
Thomas Ringdal,66,1209,salinui
Tim Brayton,143,2978,timbrayton
Tim Burnham,41,1514,tburnham
Timcop,64,4160,timcop
Tino Hahn,15,418,cinemaniax
tobe_whooper,39,1880,tobe_whooper
Tobias Andersen,27,21,tobiasandersen2
Todd Gaines,20,1205,todd_gaines
Tom dePerto,40,1998,tommysyk
Tom Morton,64,3255,mortom
Tony (tectactoe),33,1893,tectactoe
Tony the TerrorğŸ˜¼ğŸ³ï¸â€ğŸŒˆ,37,2044,tonyterror
Travis,15,663,travis_kyker
Travis Lytle,59,4341,chavrosbaby
trolleyfreak,74,2127,trolleyfreak
Trudie,27,2219,gonegirls
truman,25,1455,truman
ty,52,2838,alovelynite
UltimateMovieRankings,65,5044,cogerson
V. LepistÃ¶ ğŸ³ï¸â€ğŸŒˆ,81,3748,vadekawa
Vadim Rizov,43,662,vrizov
vanessa,71,335,michaelhaneke
Vanina,48,888,soundturnedlow
Varghese,111,6132,varghese_no1
vee,12,651,furyroad
vern,48,808,vernonator6497
Vilu,27,398,asilversnake
vincent price was 6â€²4â€³,24,386,johncassavetes
Vivian,42,3341,sonnywortzik
voidember,24,736,voidember
Waldo,66,4194,waldo
weo,25,1199,dirtgrub
Wes,23,696,cantinaband
Wesley R. Ball,44,1557,hammerbros94
Will,24,1236,willhollis
Will Sloan,36,2487,will_sloan
Will Steele,63,1907,steele98
willa,24,27,willas
willmoviefan97,46,2572,willmoviefan97
Willow Maclay,71,1226,catelyn
willy,1,2106,peepinstead
Wilson,53,4711,dancedancedance
Wood,74,3992,lastcooldude
Xebeche,50,2297,xebeche
yanni,25,1014,cinefeelya
yazz! *ï½¥ï¾Ÿâœ§,26,750,yazzjames
YI JIAN,12,966,yijian
Zach Pope,11,992,zachpopereviews
ZaraGwen,101,3930,zaragwen
zeno ğŸ›¸,35,702,remote
ZÄ,93,4855,cherprayers
ZoÃ« ğŸ,33,1562,zoelovesfilm
ZombAid,77,2408,zombaid